company_id,company,domain,company_pwd
10001,Company_10001,"IT-Software, Software Services",default123
10015,Company_10015,"IT-Software, Software Services",default123
10018,Company_10018,"IT-Software, Software Services",default123
10009,Company_10009,"IT-Software, Software Services",default123
10037,Company_10037,"IT-Software, Software Services",default123
10029,Company_10029,"IT-Software, Software Services",default123
10033,Company_10033,"IT-Software, Software Services",default123
10036,Company_10036,"IT-Software, Software Services",default123
10002,Company_10002,"IT-Software, Software Services",default123
10046,Company_10046,"IT-Software, Software Services",default123
10017,Company_10017,"IT-Software, Software Services",default123
10005,Company_10005,"IT-Software, Software Services",default123
10014,Company_10014,"IT-Software, Software Services",default123
10035,Company_10035,"IT-Software, Software Services",default123
10025,Company_10025,"IT-Software, Software Services",default123
10048,Company_10048,"IT-Software, Software Services",default123
10022,Company_10022,"IT-Software, Software Services",default123
10032,Company_10032,"IT-Software, Software Services",default123
10020,Company_10020,"IT-Software, Software Services",default123
10050,Company_10050,"IT-Software, Software Services",default123
10028,Company_10028,"IT-Software, Software Services",default123
10039,Company_10039,"IT-Software, Software Services",default123
10030,Company_10030,"IT-Software, Software Services",default123
10044,Company_10044,"IT-Software, Software Services",default123
10007,Company_10007,"IT-Software, Software Services",default123
10019,Company_10019,"IT-Software, Software Services",default123
10045,Company_10045,"IT-Software, Software Services",default123
10047,Company_10047,"IT-Software, Software Services",default123
10042,Company_10042,"IT-Software, Software Services",default123
10038,Company_10038,"IT-Software, Software Services",default123
10013,Company_10013,"IT-Software, Software Services",default123
10004,Company_10004,"IT-Software, Software Services",default123
10043,Company_10043,"IT-Software, Software Services",default123
10021,Company_10021,"IT-Software, Software Services",default123
10003,Company_10003,"IT-Software, Software Services",default123
10040,Company_10040,"IT-Software, Software Services",default123
10006,Company_10006,"IT-Software, Software Services",default123
10031,Company_10031,"IT-Software, Software Services",default123
10026,Company_10026,"IT-Software, Software Services",default123
10041,Company_10041,"IT-Software, Software Services",default123
10016,Company_10016,"IT-Software, Software Services",default123
10034,Company_10034,"IT-Software, Software Services",default123
10012,Company_10012,"IT-Software, Software Services",default123
10008,Company_10008,"IT-Software, Software Services",default123
10027,Company_10027,"IT-Software, Software Services",default123
10024,Company_10024,"IT-Software, Software Services",default123
10011,Company_10011,"IT-Software, Software Services",default123
10049,Company_10049,"IT-Software, Software Services",default123
10010,Company_10010,"IT-Software, Software Services",default123
10023,Company_10023,"IT-Software, Software Services",default123
